<?xml version="1.0" encoding="UTF-8"?>
<!--UGC_VERSION = 1024-->
<XML_DOCUMENT xmlns:SOAP-ENC="http://schemas.xmlsoap.org/soap/encoding/">
    <PTC_HEADER>
        <VENDOR>Parametric Technology Corporation</VENDOR>
        <PRODUCT>Creo Parametric 3402018070</PRODUCT>
        <XML_VERSION>1.0</XML_VERSION>
        <HOST_NAME>DESKTOP-RCRTR2N</HOST_NAME>
        <USER>Asus</USER>
        <MACHINE_TYPE> AMD64 Family 23 Model 96 Stepping 1  AuthenticAMD  2994 MHz</MACHINE_TYPE>
    </PTC_HEADER>
    <zip_manifest_info pointer="TRUE" proe_version="1844" top_model_wname="END-SENSOR.ASM"/>
</XML_DOCUMENT>
